,b0,b1,b2,b3,b4,b5,b6,b7,b8,b9,b10,b11
ADNP,-0.0011728335851239034,-0.047369540874690315,0.23952615100791808,-0.01337797109703012,0.18376584043587865,-0.49016105397176796,-0.015514876969554567,-0.10927920955784144,0.34496312638682247,0.09596126571261607,-0.053481024071435374,0.27309765734348906
ARID1B,0.18112322241782453,0.11936884052846079,-0.2377715446915356,0.15032641323121312,-0.3501655751004916,0.15500318435824617,0.1723608008164949,-0.01592364193397087,-0.38131419043264336,-0.20894630525561475,-0.026674881918353342,-0.07142221593431944
ASH1L,0.11787291839605572,0.23635189759726521,-0.17393714856996378,-0.048400166664878626,-0.2800284394335741,-0.32021733124666923,0.2825467002411607,-0.018614340769223033,-0.2868374545657608,-0.10414565831256119,0.034507216628154265,0.023072883097201187
CHD2,-0.2339065685789913,0.2263312032925544,0.06326217172028548,0.10483362264135852,0.23134216031096727,-0.7313618991218445,-0.05124973182013349,-0.19126602074357316,0.3371138162923687,-0.24728571152494289,0.2903237952473852,0.5702662938340809
CHD8,0.036770922589806215,-0.09177794767483623,0.002592859338249428,0.0058614508234910495,0.0450695178577533,0.09513285013513773,-0.02948088034936577,0.09088298262150502,0.017592593687958312,0.03550301994823615,-0.024934631555632414,-0.12411412522402519
CTNND2,0.11215970481718554,0.011142533026639003,-0.02022336298737054,0.06627827186052747,-0.024043169878412225,-0.02823172336616837,0.015424224670252376,0.017290892552722,0.0033711424078295667,-0.00688216568763714,-0.0022072255839701723,0.02062665496448699
DYRK1A,0.012871384146809994,0.10357252945124991,0.010789062329289648,0.1402964736484691,-0.13758066117673687,-0.10070913590492721,0.10986408672990738,-0.02336505561273418,0.02882643946500106,-0.09863171853814358,-0.013995549562568174,0.20659341231023826
HDAC5,-0.052026266537836804,-0.06216883197669945,0.056860686586308856,-0.035044343997123674,-0.009247186049735224,-0.006842942641643889,-0.1015077851460606,0.009534103166189025,0.11808171531850681,0.14950290033420657,-0.20032971534069252,0.11528002288670036
MECP2,0.0928549177974247,-0.00419089186720896,-0.002340372539215736,-0.10594100312161282,-0.00436735957339151,-0.03709117071106695,-0.029699623378815206,0.011238117782623956,-0.034204151798925816,0.14206517322233367,-0.06828247929399708,-0.016857283561946625
MYT1L,0.05471585509631683,-0.038946808596286187,0.11686562884161851,-0.07036599277271585,0.007275601675073412,0.05454611451406809,-0.016671676326747605,-0.05273217989271913,0.05150808484977364,-0.018369864981294542,-0.07675714474467761,-0.011683819466193597
POGZ,0.1845124435533027,0.15805083314753388,-0.058935569343796616,0.027343083824560504,-0.07997259417946694,0.006733245469740647,0.1245568043189842,-0.21311492933558507,-0.35472909623823834,-0.3014492459984762,0.08219363063206525,-0.0008286463386303175
PTEN,-0.5364974282226073,-0.07916530983934189,-0.03577707473882266,-0.19133977335026817,0.2738782353504064,0.8621370620454758,0.0008914459280539002,0.06393652596308928,-0.14034903824644668,0.23256617505476582,0.32483090848313445,-0.4233243276536449
RELN,-9.535763195038842e-05,0.0005993759217361479,0.0005925914289903715,0.0005397577514080174,0.0005291259899145172,4.1035175801929664e-05,-0.00014274261019153696,0.0006226062066099629,-0.0005947708784653302,-0.00015862787225888285,0.0005323881897116913,-0.0004426907025232957
SETD5,-1.0263355441109486e-05,0.0003936097253018282,0.0007188212815928439,0.00011625078672315126,0.000618815653368931,-0.0004377410358695194,-4.225664494682214e-05,-0.0005175504249335672,0.0008335249727966886,-0.0012717566612821197,0.0006864544127862586,-0.00016255305634906088
